NU_ANO_CENSO;NO_REGIAO;CO_REGIAO;NO_UF;SG_UF;CO_UF;NO_MUNICIPIO;CO_MUNICIPIO;NO_REGIAO_GEOG_INTERM;CO_REGIAO_GEOG_INTERM;NO_REGIAO_GEOG_IMED;CO_REGIAO_GEOG_IMED;NO_MESORREGIAO;CO_MESORREGIAO;NO_MICRORREGIAO;CO_MICRORREGIAO;NO_DISTRITO;CO_DISTRITO;NO_ENTIDADE;CO_ENTIDADE;TP_DEPENDENCIA;TP_CATEGORIA_ESCOLA_PRIVADA;TP_LOCALIZACAO;TP_LOCALIZACAO_DIFERENCIADA;DS_ENDERECO;NU_ENDERECO;DS_COMPLEMENTO;NO_BAIRRO;CO_CEP;NU_DDD;NU_TELEFONE;TP_SITUACAO_FUNCIONAMENTO;CO_ORGAO_REGIONAL;DT_ANO_LETIVO_INICIO;DT_ANO_LETIVO_TERMINO;IN_VINCULO_SECRETARIA_EDUCACAO;IN_VINCULO_SEGURANCA_PUBLICA;IN_VINCULO_SECRETARIA_SAUDE;IN_VINCULO_OUTRO_ORGAO;IN_PODER_PUBLICO_PARCERIA;TP_PODER_PUBLICO_PARCERIA;IN_FORMA_CONT_TERMO_COLABORA;IN_FORMA_CONT_TERMO_FOMENTO;IN_FORMA_CONT_ACORDO_COOP;IN_FORMA_CONT_PRESTACAO_SERV;IN_FORMA_CONT_COOP_TEC_FIN;IN_FORMA_CONT_CONSORCIO_PUB;IN_FORMA_CONT_MU_TERMO_COLAB;IN_FORMA_CONT_MU_TERMO_FOMENTO;IN_FORMA_CONT_MU_ACORDO_COOP;IN_FORMA_CONT_MU_PREST_SERV;IN_FORMA_CONT_MU_COOP_TEC_FIN;IN_FORMA_CONT_MU_CONSORCIO_PUB;IN_FORMA_CONT_ES_TERMO_COLAB;IN_FORMA_CONT_ES_TERMO_FOMENTO;IN_FORMA_CONT_ES_ACORDO_COOP;IN_FORMA_CONT_ES_PREST_SERV;IN_FORMA_CONT_ES_COOP_TEC_FIN;IN_FORMA_CONT_ES_CONSORCIO_PUB;IN_MANT_ESCOLA_PRIVADA_EMP;IN_MANT_ESCOLA_PRIVADA_ONG;IN_MANT_ESCOLA_PRIVADA_OSCIP;IN_MANT_ESCOLA_PRIV_ONG_OSCIP;IN_MANT_ESCOLA_PRIVADA_SIND;IN_MANT_ESCOLA_PRIVADA_SIST_S;IN_MANT_ESCOLA_PRIVADA_S_FINS;NU_CNPJ_ESCOLA_PRIVADA;NU_CNPJ_MANTENEDORA;TP_REGULAMENTACAO;TP_RESPONSAVEL_REGULAMENTACAO;CO_ESCOLA_SEDE_VINCULADA;CO_IES_OFERTANTE;IN_LOCAL_FUNC_PREDIO_ESCOLAR;TP_OCUPACAO_PREDIO_ESCOLAR;IN_LOCAL_FUNC_SOCIOEDUCATIVO;IN_LOCAL_FUNC_UNID_PRISIONAL;IN_LOCAL_FUNC_PRISIONAL_SOCIO;IN_LOCAL_FUNC_GALPAO;TP_OCUPACAO_GALPAO;IN_LOCAL_FUNC_SALAS_OUTRA_ESC;IN_LOCAL_FUNC_OUTROS;IN_PREDIO_COMPARTILHADO;IN_AGUA_POTAVEL;IN_AGUA_REDE_PUBLICA;IN_AGUA_POCO_ARTESIANO;IN_AGUA_CACIMBA;IN_AGUA_FONTE_RIO;IN_AGUA_INEXISTENTE;IN_AGUA_CARRO_PIPA;IN_ENERGIA_REDE_PUBLICA;IN_ENERGIA_GERADOR_FOSSIL;IN_ENERGIA_RENOVAVEL;IN_ENERGIA_INEXISTENTE;IN_ESGOTO_REDE_PUBLICA;IN_ESGOTO_FOSSA_SEPTICA;IN_ESGOTO_FOSSA_COMUM;IN_ESGOTO_FOSSA;IN_ESGOTO_INEXISTENTE;IN_LIXO_SERVICO_COLETA;IN_LIXO_QUEIMA;IN_LIXO_ENTERRA;IN_LIXO_DESTINO_FINAL_PUBLICO;IN_LIXO_DESCARTA_OUTRA_AREA;IN_TRATAMENTO_LIXO_SEPARACAO;IN_TRATAMENTO_LIXO_REUTILIZA;IN_TRATAMENTO_LIXO_RECICLAGEM;IN_TRATAMENTO_LIXO_INEXISTENTE;IN_ALMOXARIFADO;IN_AREA_VERDE;IN_AREA_PLANTIO;IN_AUDITORIO;IN_BANHEIRO;IN_BANHEIRO_EI;IN_BANHEIRO_PNE;IN_BANHEIRO_FUNCIONARIOS;IN_BANHEIRO_CHUVEIRO;IN_BIBLIOTECA;IN_BIBLIOTECA_SALA_LEITURA;IN_COZINHA;IN_DESPENSA;IN_DORMITORIO_ALUNO;IN_DORMITORIO_PROFESSOR;IN_LABORATORIO_CIENCIAS;IN_LABORATORIO_INFORMATICA;IN_LABORATORIO_EDUC_PROF;IN_PATIO_COBERTO;IN_PATIO_DESCOBERTO;IN_PARQUE_INFANTIL;IN_PISCINA;IN_QUADRA_ESPORTES;IN_QUADRA_ESPORTES_COBERTA;IN_QUADRA_ESPORTES_DESCOBERTA;IN_REFEITORIO;IN_SALA_ATELIE_ARTES;IN_SALA_MUSICA_CORAL;IN_SALA_ESTUDIO_DANCA;IN_SALA_MULTIUSO;IN_SALA_ESTUDIO_GRAVACAO;IN_SALA_OFICINAS_EDUC_PROF;IN_SALA_DIRETORIA;IN_SALA_LEITURA;IN_SALA_PROFESSOR;IN_SALA_REPOUSO_ALUNO;IN_SECRETARIA;IN_SALA_ATENDIMENTO_ESPECIAL;IN_TERREIRAO;IN_VIVEIRO;IN_DEPENDENCIAS_OUTRAS;IN_ACESSIBILIDADE_CORRIMAO;IN_ACESSIBILIDADE_ELEVADOR;IN_ACESSIBILIDADE_PISOS_TATEIS;IN_ACESSIBILIDADE_VAO_LIVRE;IN_ACESSIBILIDADE_RAMPAS;IN_ACESSIBILIDADE_SINAL_SONORO;IN_ACESSIBILIDADE_SINAL_TATIL;IN_ACESSIBILIDADE_SINAL_VISUAL;IN_ACESSIBILIDADE_INEXISTENTE;IN_ACESSIBILIDADE_SINALIZACAO;QT_SALAS_UTILIZADAS_DENTRO;QT_SALAS_UTILIZADAS_FORA;QT_SALAS_UTILIZADAS;QT_SALAS_UTILIZA_CLIMATIZADAS;QT_SALAS_UTILIZADAS_ACESSIVEIS;IN_EQUIP_PARABOLICA;IN_COMPUTADOR;IN_EQUIP_COPIADORA;IN_EQUIP_IMPRESSORA;IN_EQUIP_IMPRESSORA_MULT;IN_EQUIP_SCANNER;IN_EQUIP_NENHUM;IN_EQUIP_DVD;QT_EQUIP_DVD;IN_EQUIP_SOM;QT_EQUIP_SOM;IN_EQUIP_TV;QT_EQUIP_TV;IN_EQUIP_LOUSA_DIGITAL;QT_EQUIP_LOUSA_DIGITAL;IN_EQUIP_MULTIMIDIA;QT_EQUIP_MULTIMIDIA;IN_DESKTOP_ALUNO;QT_DESKTOP_ALUNO;IN_COMP_PORTATIL_ALUNO;QT_COMP_PORTATIL_ALUNO;IN_TABLET_ALUNO;QT_TABLET_ALUNO;IN_INTERNET;IN_INTERNET_ALUNOS;IN_INTERNET_ADMINISTRATIVO;IN_INTERNET_APRENDIZAGEM;IN_INTERNET_COMUNIDADE;IN_ACESSO_INTERNET_COMPUTADOR;IN_ACES_INTERNET_DISP_PESSOAIS;TP_REDE_LOCAL;IN_BANDA_LARGA;IN_PROF_ADMINISTRATIVOS;QT_PROF_ADMINISTRATIVOS;IN_PROF_SERVICOS_GERAIS;QT_PROF_SERVICOS_GERAIS;IN_PROF_BIBLIOTECARIO;QT_PROF_BIBLIOTECARIO;IN_PROF_SAUDE;QT_PROF_SAUDE;IN_PROF_COORDENADOR;QT_PROF_COORDENADOR;IN_PROF_FONAUDIOLOGO;QT_PROF_FONAUDIOLOGO;IN_PROF_NUTRICIONISTA;QT_PROF_NUTRICIONISTA;IN_PROF_PSICOLOGO;QT_PROF_PSICOLOGO;IN_PROF_ALIMENTACAO;QT_PROF_ALIMENTACAO;IN_PROF_PEDAGOGIA;QT_PROF_PEDAGOGIA;IN_PROF_SECRETARIO;QT_PROF_SECRETARIO;IN_PROF_SEGURANCA;QT_PROF_SEGURANCA;IN_PROF_MONITORES;QT_PROF_MONITORES;IN_PROF_GESTAO;QT_PROF_GESTAO;IN_PROF_ASSIST_SOCIAL;QT_PROF_ASSIST_SOCIAL;IN_PROF_TRAD_LIBRAS;QT_PROF_TRAD_LIBRAS;IN_PROF_AGRICOLA;QT_PROF_AGRICOLA;IN_PROF_REVISOR_BRAILLE;QT_PROF_REVISOR_BRAILLE;IN_ALIMENTACAO;IN_MATERIAL_PED_MULTIMIDIA;IN_MATERIAL_PED_INFANTIL;IN_MATERIAL_PED_CIENTIFICO;IN_MATERIAL_PED_DIFUSAO;IN_MATERIAL_PED_MUSICAL;IN_MATERIAL_PED_JOGOS;IN_MATERIAL_PED_ARTISTICAS;IN_MATERIAL_PED_PROFISSIONAL;IN_MATERIAL_PED_DESPORTIVA;IN_MATERIAL_PED_INDIGENA;IN_MATERIAL_PED_ETNICO;IN_MATERIAL_PED_CAMPO;IN_MATERIAL_PED_BIL_SURDOS;IN_MATERIAL_PED_AGRICOLA;IN_MATERIAL_PED_QUILOMBOLA;IN_MATERIAL_PED_EDU_ESP;IN_MATERIAL_PED_NENHUM;IN_EDUCACAO_INDIGENA;TP_INDIGENA_LINGUA;CO_LINGUA_INDIGENA_1;CO_LINGUA_INDIGENA_2;CO_LINGUA_INDIGENA_3;IN_EXAME_SELECAO;IN_RESERVA_PPI;IN_RESERVA_RENDA;IN_RESERVA_PUBLICA;IN_RESERVA_PCD;IN_RESERVA_OUTROS;IN_RESERVA_NENHUMA;IN_REDES_SOCIAIS;IN_ESPACO_ATIVIDADE;IN_ESPACO_EQUIPAMENTO;IN_ORGAO_ASS_PAIS;IN_ORGAO_ASS_PAIS_MESTRES;IN_ORGAO_CONSELHO_ESCOLAR;IN_ORGAO_GREMIO_ESTUDANTIL;IN_ORGAO_OUTROS;IN_ORGAO_NENHUM;TP_PROPOSTA_PEDAGOGICA;IN_EDUC_AMBIENTAL;IN_EDUC_AMB_CONTEUDO;IN_EDUC_AMB_CURRICULAR;IN_EDUC_AMB_EIXO;IN_EDUC_AMB_EVENTOS;IN_EDUC_AMB_PROJETOS;IN_EDUC_AMB_NENHUMA;TP_AEE;TP_ATIVIDADE_COMPLEMENTAR;IN_MEDIACAO_PRESENCIAL;IN_MEDIACAO_SEMIPRESENCIAL;IN_MEDIACAO_EAD;IN_REGULAR;IN_DIURNO;IN_NOTURNO;IN_EAD;IN_ESCOLARIZACAO;IN_INF;IN_INF_CRE;IN_INF_PRE;IN_FUND;IN_FUND_AI;IN_FUND_AF;IN_MED;IN_PROF;IN_PROF_TEC;IN_EJA;IN_EJA_FUND;IN_EJA_MED;IN_ESP;IN_ESP_CC;IN_ESP_CE;QT_MAT_BAS;QT_MAT_INF;QT_MAT_INF_CRE;QT_MAT_INF_PRE;QT_MAT_FUND;QT_MAT_FUND_AI;QT_MAT_FUND_AI_1;QT_MAT_FUND_AI_2;QT_MAT_FUND_AI_3;QT_MAT_FUND_AI_4;QT_MAT_FUND_AI_5;QT_MAT_FUND_AF;QT_MAT_FUND_AF_6;QT_MAT_FUND_AF_7;QT_MAT_FUND_AF_8;QT_MAT_FUND_AF_9;QT_MAT_MED;QT_MAT_MED_PROP;QT_MAT_MED_PROP_1;QT_MAT_MED_PROP_2;QT_MAT_MED_PROP_3;QT_MAT_MED_PROP_4;QT_MAT_MED_PROP_NS;QT_MAT_MED_CT;QT_MAT_MED_CT_1;QT_MAT_MED_CT_2;QT_MAT_MED_CT_3;QT_MAT_MED_CT_4;QT_MAT_MED_CT_NS;QT_MAT_MED_NM;QT_MAT_MED_NM_1;QT_MAT_MED_NM_2;QT_MAT_MED_NM_3;QT_MAT_MED_NM_4;QT_MAT_PROF;QT_MAT_PROF_TEC;QT_MAT_PROF_TEC_CONC;QT_MAT_PROF_TEC_SUBS;QT_MAT_PROF_FIC_CONC;QT_MAT_EJA;QT_MAT_EJA_FUND;QT_MAT_EJA_FUND_AI;QT_MAT_EJA_FUND_AF;QT_MAT_EJA_FUND_FIC;QT_MAT_EJA_MED;QT_MAT_EJA_MED_NPROF;QT_MAT_EJA_MED_FIC;QT_MAT_EJA_MED_TEC;QT_MAT_ESP;QT_MAT_ESP_CC;QT_MAT_ESP_CE;QT_MAT_BAS_FEM;QT_MAT_BAS_MASC;QT_MAT_BAS_ND;QT_MAT_BAS_BRANCA;QT_MAT_BAS_PRETA;QT_MAT_BAS_PARDA;QT_MAT_BAS_AMARELA;QT_MAT_BAS_INDIGENA;QT_MAT_BAS_0_3;QT_MAT_BAS_4_5;QT_MAT_BAS_6_10;QT_MAT_BAS_11_14;QT_MAT_BAS_15_17;QT_MAT_BAS_18_MAIS;QT_MAT_BAS_D;QT_MAT_BAS_N;QT_MAT_BAS_EAD;QT_MAT_INF_INT;QT_MAT_INF_CRE_INT;QT_MAT_INF_PRE_INT;QT_MAT_FUND_INT;QT_MAT_FUND_AI_INT;QT_MAT_FUND_AF_INT;QT_MAT_MED_INT;QT_MAT_ZR_URB;QT_MAT_ZR_RUR;QT_MAT_ZR_NA;QT_TRANSP_PUBLICO;QT_TRANSP_RESP_EST;QT_TRANSP_RESP_MUN;QT_DOC_BAS;QT_DOC_INF;QT_DOC_INF_CRE;QT_DOC_INF_PRE;QT_DOC_FUND;QT_DOC_FUND_AI;QT_DOC_FUND_AF;QT_DOC_MED;QT_DOC_PROF;QT_DOC_PROF_TEC;QT_DOC_EJA;QT_DOC_EJA_FUND;QT_DOC_EJA_MED;QT_DOC_ESP;QT_DOC_ESP_CC;QT_DOC_ESP_CE;QT_TUR_BAS;QT_TUR_INF;QT_TUR_INF_CRE;QT_TUR_INF_PRE;QT_TUR_FUND;QT_TUR_FUND_AI;QT_TUR_FUND_AF;QT_TUR_MED;QT_TUR_PROF;QT_TUR_PROF_TEC;QT_TUR_EJA;QT_TUR_EJA_FUND;QT_TUR_EJA_MED;QT_TUR_ESP;QT_TUR_ESP_CC;QT_TUR_ESP_CE;QT_TUR_BAS_D;QT_TUR_BAS_N;QT_TUR_BAS_EAD;QT_TUR_INF_INT;QT_TUR_INF_CRE_INT;QT_TUR_INF_PRE_INT;QT_TUR_FUND_INT;QT_TUR_FUND_AI_INT;QT_TUR_FUND_AF_INT;QT_TUR_MED_INT
2024;NORTE;1;RONDÔNIA;RO;11;ALTA FLORESTA D'OESTE;1100015;JI-PARANÁ;1102;CACOAL;110005;LESTE RONDONIENSE;2;CACOAL;6;ALTA FLORESTA D'OESTE;110001505;EIEEF HAP BITT TUPARI;11022558;Estadual;-100;Rural;Terra indígena;TERRA INDIGENA RIO BRANCO;;ALDEIA COLORADO;RURAL;76954000;69.0;993784647.0;Em Atividade;00015;;;1.0;0.0;0.0;0.0;0.0;-100;-100;-100;-100;-100;-100;-100;-100.0;-100.0;-100.0;-100.0;-100.0;-100.0;-100.0;-100.0;-100.0;-100.0;-100.0;-100.0;-100.0;-100.0;-100.0;-100.0;-100.0;-100.0;-100.0;-100;-100;Sim;Estadual;-100;-100;1.0;Próprio;0.0;0.0;0.0;0.0;-100;0.0;0.0;0;1.0;0.0;1.0;0.0;0.0;0.0;0.0;0.0;0.0;1.0;0.0;0.0;0.0;1.0;1.0;0.0;0.0;1.0;1.0;0.0;0.0;0.0;0.0;0.0;1.0;0.0;0.0;0.0;0.0;1.0;0.0;0.0;0.0;0.0;0.0;0.0;1.0;0.0;0.0;0.0;0.0;0.0;0.0;0.0;0.0;0.0;0.0;0.0;0.0;0.0;0.0;0.0;0.0;0.0;0.0;0.0;0.0;0.0;0.0;0.0;0.0;0.0;0.0;1.0;0.0;0.0;0.0;0.0;0.0;0.0;0.0;0.0;0.0;0.0;1.0;0.0;1.0;0.0;1.0;0.0;0.0;0.0;0.0;0.0;1.0;0.0;0.0;0.0;0.0;0.0;1.0;1.0;0.0;0.0;0.0;0.0;0.0;0.0;0.0;0.0;1.0;1.0;0.0;0.0;1.0;0.0;1.0;0.0;0.0;0.0;0.0;Não informado;0;0.0;0.0;0.0;0.0;0.0;0.0;0.0;0.0;0.0;0.0;0.0;0.0;0.0;0.0;0.0;0.0;0.0;0.0;0.0;0.0;0.0;0.0;0.0;0.0;0.0;0.0;0.0;0.0;0.0;0.0;0.0;0.0;0.0;0.0;0.0;0.0;1.0;0.0;0.0;0.0;0.0;0.0;1.0;0.0;0.0;1.0;1.0;0.0;0.0;0.0;0.0;0.0;0.0;0.0;1.0;Em Língua Indígena e em Língua Portuguesa;171.0;;;0.0;-100;-100;-100;-100;-100;-100;0.0;1.0;1.0;0.0;0.0;1.0;0.0;0.0;0.0;Sim;1.0;1.0;0.0;0.0;0.0;0.0;0.0;Não oferece;Não oferece;1.0;0.0;0.0;1.0;1.0;0.0;0.0;1.0;0.0;0.0;0.0;1.0;1.0;0.0;0.0;0.0;0.0;0.0;0.0;0.0;0.0;0.0;0.0;4.0;0.0;0.0;0.0;4.0;4.0;1.0;1.0;0.0;1.0;1.0;0.0;0.0;0.0;0.0;0.0;0.0;0.0;0.0;0.0;0.0;0.0;0.0;0.0;0.0;0.0;0.0;0.0;0.0;0.0;0.0;0.0;0.0;0.0;0.0;0.0;0.0;0.0;0.0;0.0;0.0;0.0;0.0;0.0;0.0;0.0;0.0;0.0;0.0;0.0;0.0;2.0;2.0;0.0;0.0;0.0;0.0;0.0;4.0;0.0;0.0;3.0;1.0;0.0;0.0;4.0;0.0;0.0;0.0;0.0;0.0;0.0;0.0;0.0;0.0;0.0;4.0;0.0;0.0;0.0;0.0;1.0;0.0;0.0;0.0;1.0;1.0;0.0;0.0;0.0;0.0;0.0;0.0;0.0;0.0;0.0;0.0;4.0;0.0;0.0;0.0;4.0;4.0;0.0;0.0;0.0;0.0;0.0;0.0;0.0;0.0;0.0;0.0;4.0;0.0;0.0;0.0;0.0;0.0;0.0;0.0;0.0;0.0
2024;NORTE;1;RONDÔNIA;RO;11;ALTA FLORESTA D'OESTE;1100015;JI-PARANÁ;1102;CACOAL;110005;LESTE RONDONIENSE;2;CACOAL;6;ALTA FLORESTA D'OESTE;110001505;CEEJA LUIZ VAZ DE CAMOES;11024275;Estadual;-100;Urbana;A escola não está em área de localização diferenciada;AVENIDA RIO DE JANEIRO;4776;ESCOLA;CIDADE ALTA;76954000;69.0;36412656.0;Em Atividade;00015;;;1.0;0.0;0.0;0.0;0.0;-100;-100;-100;-100;-100;-100;-100;-100.0;-100.0;-100.0;-100.0;-100.0;-100.0;-100.0;-100.0;-100.0;-100.0;-100.0;-100.0;-100.0;-100.0;-100.0;-100.0;-100.0;-100.0;-100.0;-100;-100;Sim;Estadual;-100;-100;1.0;Próprio;0.0;0.0;0.0;0.0;-100;1.0;0.0;1;1.0;1.0;0.0;0.0;0.0;0.0;0.0;1.0;0.0;0.0;0.0;0.0;1.0;0.0;1.0;0.0;1.0;0.0;0.0;0.0;0.0;0.0;0.0;0.0;1.0;0.0;1.0;0.0;0.0;1.0;0.0;1.0;1.0;1.0;1.0;1.0;1.0;1.0;0.0;0.0;0.0;1.0;0.0;1.0;0.0;0.0;0.0;1.0;1.0;0.0;1.0;0.0;0.0;0.0;0.0;0.0;0.0;1.0;1.0;1.0;0.0;1.0;0.0;0.0;0.0;0.0;1.0;0.0;1.0;1.0;0.0;0.0;0.0;1.0;0.0;0.0;9.0;4.0;13.0;13.0;13.0;0.0;1.0;0.0;1.0;1.0;0.0;0.0;0.0;0.0;1.0;12.0;1.0;3.0;1.0;2.0;1.0;12.0;1.0;19.0;1.0;4.0;0.0;0.0;1.0;1.0;1.0;1.0;0.0;1.0;1.0;A cabo e Wireless;1;1.0;2.0;1.0;1.0;1.0;4.0;0.0;0.0;0.0;0.0;0.0;0.0;0.0;0.0;0.0;0.0;1.0;1.0;1.0;3.0;1.0;1.0;0.0;0.0;1.0;2.0;1.0;1.0;0.0;0.0;0.0;0.0;0.0;0.0;0.0;0.0;1.0;0.0;0.0;1.0;1.0;0.0;1.0;1.0;0.0;1.0;0.0;0.0;0.0;0.0;0.0;0.0;0.0;0.0;0.0;-100;-100.0;-100.0;-100.0;0.0;-100;-100;-100;-100;-100;-100;1.0;0.0;0.0;0.0;0.0;1.0;0.0;0.0;0.0;Sim;1.0;0.0;1.0;0.0;0.0;1.0;0.0;Não oferece;Não oferece;1.0;0.0;0.0;0.0;0.0;1.0;0.0;1.0;0.0;0.0;0.0;0.0;0.0;0.0;0.0;0.0;0.0;1.0;1.0;1.0;1.0;1.0;0.0;131.0;0.0;0.0;0.0;0.0;0.0;0.0;0.0;0.0;0.0;0.0;0.0;0.0;0.0;0.0;0.0;0.0;0.0;0.0;0.0;0.0;0.0;0.0;0.0;0.0;0.0;0.0;0.0;0.0;0.0;0.0;0.0;0.0;0.0;0.0;0.0;0.0;0.0;0.0;131.0;54.0;0.0;54.0;0.0;77.0;77.0;0.0;0.0;2.0;2.0;0.0;84.0;47.0;0.0;33.0;6.0;88.0;0.0;4.0;0.0;0.0;0.0;0.0;13.0;118.0;0.0;131.0;0.0;0.0;0.0;0.0;0.0;0.0;0.0;0.0;80.0;51.0;0.0;0.0;0.0;0.0;8.0;0.0;0.0;0.0;0.0;0.0;0.0;0.0;0.0;0.0;8.0;6.0;8.0;6.0;6.0;0.0;4.0;0.0;0.0;0.0;0.0;0.0;0.0;0.0;0.0;0.0;4.0;2.0;2.0;2.0;2.0;0.0;0.0;4.0;0.0;0.0;0.0;0.0;0.0;0.0;0.0;0.0
2024;NORTE;1;RONDÔNIA;RO;11;ALTA FLORESTA D'OESTE;1100015;JI-PARANÁ;1102;CACOAL;110005;LESTE RONDONIENSE;2;CACOAL;6;ALTA FLORESTA D'OESTE;110001505;EMMEF 7 DE SETEMBRO;11024291;Municipal;-100;Rural;;LINHA 60 COM A 140;;;;76954000;69.0;36413630.0;Paralisada;00015;;;;;;;;-100;-100;-100;-100;-100;-100;-100;-100.0;-100.0;-100.0;-100.0;-100.0;-100.0;-100.0;-100.0;-100.0;-100.0;-100.0;-100.0;-100.0;-100.0;-100.0;-100.0;-100.0;-100.0;-100.0;-100;-100;;-100;-100;-100;;-100;;;;;-100;;;-100;;;;;;;;;;;;;;;;;;;;;;;;;;;;;;;;;;;;;;;;;;;;;;;;;;;;;;;;;;;;;;;;;;;;;;;;;;;;;;;;;;;;;;;;;;;;;;;;;;;;;;;;;;;;;;;;;-100;;;;;;;;;;;;;;;;;;;;;;;;;;;;;;;;;;;;;;;;;;;;;;;;;;;;;;;;-100;-100.0;-100.0;-100.0;;-100;-100;-100;-100;-100;-100;;;;;;;;;;;;;;;;;;;;;;;;;;;;;;;;;;;;;;;;;;;;;;;;;;;;;;;;;;;;;;;;;;;;;;;;;;;;;;;;;;;;;;;;;;;;;;;;;;;;;;;;;;;;;;;;;;;;;;;;;;;;;;;;;;;;;;;;;;;;;;;;;;;;;;;;;;;;;;;;;;;;;
2024;NORTE;1;RONDÔNIA;RO;11;ALTA FLORESTA D'OESTE;1100015;JI-PARANÁ;1102;CACOAL;110005;LESTE RONDONIENSE;2;CACOAL;6;ALTA FLORESTA D'OESTE;110001505;EMEIEF BOA ESPERANCA;11024666;Municipal;-100;Rural;A escola não está em área de localização diferenciada;LINHA P 50 KM 22;;ZONA RURAL;LINHA P.50;76954000;69.0;999005110.0;Em Atividade;00015;;;1.0;0.0;0.0;0.0;0.0;-100;-100;-100;-100;-100;-100;-100;-100.0;-100.0;-100.0;-100.0;-100.0;-100.0;-100.0;-100.0;-100.0;-100.0;-100.0;-100.0;-100.0;-100.0;-100.0;-100.0;-100.0;-100.0;-100.0;-100;-100;Sim;Municipal;-100;-100;1.0;Próprio;0.0;0.0;0.0;0.0;-100;0.0;0.0;1;1.0;0.0;1.0;0.0;0.0;0.0;0.0;1.0;0.0;0.0;0.0;0.0;1.0;0.0;1.0;0.0;0.0;1.0;0.0;0.0;0.0;0.0;0.0;0.0;1.0;0.0;0.0;0.0;0.0;1.0;0.0;1.0;0.0;1.0;0.0;0.0;1.0;1.0;0.0;0.0;0.0;0.0;0.0;1.0;0.0;0.0;0.0;1.0;1.0;0.0;0.0;0.0;0.0;0.0;0.0;0.0;0.0;0.0;0.0;1.0;0.0;0.0;0.0;0.0;0.0;0.0;0.0;0.0;0.0;0.0;0.0;0.0;0.0;0.0;1.0;0.0;9.0;0.0;9.0;7.0;0.0;0.0;1.0;0.0;0.0;1.0;0.0;0.0;0.0;0.0;1.0;1.0;1.0;2.0;0.0;0.0;0.0;0.0;0.0;0.0;0.0;0.0;0.0;0.0;1.0;0.0;1.0;0.0;0.0;0.0;0.0;A cabo;0;0.0;0.0;1.0;1.0;0.0;0.0;0.0;0.0;0.0;0.0;0.0;0.0;0.0;0.0;0.0;0.0;1.0;4.0;1.0;1.0;0.0;0.0;1.0;2.0;0.0;0.0;0.0;0.0;0.0;0.0;0.0;0.0;0.0;0.0;0.0;0.0;1.0;1.0;0.0;0.0;1.0;0.0;1.0;0.0;0.0;0.0;0.0;0.0;0.0;0.0;0.0;0.0;0.0;0.0;0.0;-100;-100.0;-100.0;-100.0;0.0;-100;-100;-100;-100;-100;-100;0.0;0.0;1.0;0.0;0.0;1.0;0.0;0.0;0.0;Sim;0.0;9.0;9.0;9.0;9.0;9.0;9.0;Não oferece;Não oferece;1.0;0.0;0.0;1.0;1.0;0.0;0.0;1.0;1.0;0.0;1.0;1.0;1.0;1.0;0.0;0.0;0.0;0.0;0.0;0.0;1.0;1.0;0.0;169.0;32.0;0.0;32.0;137.0;66.0;17.0;15.0;18.0;13.0;3.0;71.0;18.0;16.0;21.0;16.0;0.0;0.0;0.0;0.0;0.0;0.0;0.0;0.0;0.0;0.0;0.0;0.0;0.0;0.0;0.0;0.0;0.0;0.0;0.0;0.0;0.0;0.0;0.0;0.0;0.0;0.0;0.0;0.0;0.0;0.0;0.0;0.0;8.0;8.0;0.0;76.0;93.0;0.0;73.0;3.0;89.0;0.0;4.0;0.0;29.0;73.0;63.0;4.0;0.0;169.0;0.0;0.0;0.0;0.0;0.0;0.0;0.0;0.0;0.0;0.0;169.0;0.0;132.0;0.0;132.0;13.0;2.0;0.0;2.0;11.0;3.0;8.0;0.0;0.0;0.0;0.0;0.0;0.0;10.0;10.0;0.0;10.0;2.0;0.0;2.0;8.0;3.0;5.0;0.0;0.0;0.0;0.0;0.0;0.0;7.0;7.0;0.0;10.0;0.0;0.0;0.0;0.0;0.0;0.0;0.0;0.0;0.0
2024;NORTE;1;RONDÔNIA;RO;11;ALTA FLORESTA D'OESTE;1100015;JI-PARANÁ;1102;CACOAL;110005;LESTE RONDONIENSE;2;CACOAL;6;ALTA FLORESTA D'OESTE;110001505;EEEFM EURIDICE LOPES PEDROSO;11024682;Estadual;-100;Urbana;A escola não está em área de localização diferenciada;AVENIDA MATO GROSSO;3861;;CENTRO;76954000;69.0;36412015.0;Em Atividade;00015;;;1.0;0.0;0.0;0.0;0.0;-100;-100;-100;-100;-100;-100;-100;-100.0;-100.0;-100.0;-100.0;-100.0;-100.0;-100.0;-100.0;-100.0;-100.0;-100.0;-100.0;-100.0;-100.0;-100.0;-100.0;-100.0;-100.0;-100.0;-100;-100;Sim;Estadual;-100;-100;1.0;Próprio;0.0;0.0;0.0;0.0;-100;1.0;0.0;0;1.0;1.0;1.0;0.0;0.0;0.0;0.0;1.0;0.0;0.0;0.0;0.0;1.0;0.0;1.0;0.0;1.0;0.0;0.0;0.0;0.0;0.0;1.0;1.0;0.0;1.0;0.0;0.0;0.0;1.0;0.0;1.0;1.0;1.0;1.0;1.0;1.0;1.0;0.0;0.0;0.0;1.0;0.0;1.0;1.0;0.0;0.0;1.0;1.0;0.0;1.0;0.0;0.0;0.0;0.0;0.0;0.0;1.0;1.0;1.0;0.0;1.0;1.0;0.0;0.0;0.0;1.0;0.0;1.0;1.0;1.0;0.0;0.0;0.0;0.0;0.0;9.0;24.0;33.0;9.0;33.0;0.0;1.0;0.0;1.0;1.0;1.0;0.0;0.0;0.0;1.0;7.0;1.0;19.0;0.0;0.0;1.0;7.0;1.0;19.0;0.0;0.0;0.0;0.0;1.0;1.0;1.0;1.0;0.0;1.0;0.0;A cabo e Wireless;1;1.0;3.0;1.0;14.0;1.0;3.0;0.0;0.0;0.0;0.0;0.0;0.0;0.0;0.0;0.0;0.0;1.0;14.0;1.0;10.0;1.0;1.0;0.0;0.0;1.0;2.0;1.0;1.0;0.0;0.0;0.0;0.0;0.0;0.0;0.0;0.0;1.0;0.0;0.0;1.0;1.0;1.0;1.0;1.0;0.0;1.0;0.0;0.0;0.0;0.0;0.0;0.0;1.0;0.0;0.0;-100;-100.0;-100.0;-100.0;0.0;-100;-100;-100;-100;-100;-100;1.0;1.0;0.0;0.0;0.0;1.0;0.0;0.0;0.0;Sim;1.0;1.0;0.0;0.0;1.0;0.0;0.0;Não exclusivamente;Não oferece;1.0;0.0;0.0;1.0;1.0;1.0;0.0;1.0;0.0;0.0;0.0;1.0;0.0;1.0;1.0;0.0;0.0;0.0;0.0;0.0;1.0;1.0;0.0;598.0;0.0;0.0;0.0;237.0;0.0;0.0;0.0;0.0;0.0;0.0;237.0;62.0;65.0;59.0;51.0;361.0;361.0;111.0;148.0;102.0;0.0;0.0;0.0;0.0;0.0;0.0;0.0;0.0;0.0;0.0;0.0;0.0;0.0;0.0;0.0;0.0;0.0;0.0;0.0;0.0;0.0;0.0;0.0;0.0;0.0;0.0;0.0;27.0;27.0;0.0;281.0;317.0;4.0;191.0;21.0;371.0;1.0;10.0;0.0;0.0;24.0;217.0;310.0;47.0;481.0;117.0;0.0;0.0;0.0;0.0;13.0;0.0;13.0;0.0;302.0;296.0;0.0;254.0;0.0;254.0;43.0;0.0;0.0;0.0;13.0;0.0;13.0;38.0;0.0;0.0;0.0;0.0;0.0;42.0;42.0;0.0;40.0;0.0;0.0;0.0;11.0;0.0;11.0;29.0;0.0;0.0;0.0;0.0;0.0;16.0;16.0;0.0;35.0;5.0;0.0;0.0;0.0;0.0;0.0;0.0;0.0;0.0
2024;NORTE;1;RONDÔNIA;RO;11;ALTA FLORESTA D'OESTE;1100015;JI-PARANÁ;1102;CACOAL;110005;LESTE RONDONIENSE;2;CACOAL;6;ALTA FLORESTA D'OESTE;110001505;EMEIEF JOSE BASILIO DA GAMA;11024917;Municipal;-100;Rural;A escola não está em área de localização diferenciada;LINHA 42,5 KM 17;;;;76954000;69.0;99695118.0;Em Atividade;00015;;;1.0;0.0;0.0;0.0;0.0;-100;-100;-100;-100;-100;-100;-100;-100.0;-100.0;-100.0;-100.0;-100.0;-100.0;-100.0;-100.0;-100.0;-100.0;-100.0;-100.0;-100.0;-100.0;-100.0;-100.0;-100.0;-100.0;-100.0;-100;-100;Sim;Municipal;-100;-100;1.0;Próprio;0.0;0.0;0.0;0.0;-100;0.0;0.0;1;1.0;0.0;1.0;0.0;0.0;0.0;0.0;1.0;0.0;0.0;0.0;0.0;1.0;0.0;1.0;0.0;0.0;1.0;0.0;0.0;0.0;0.0;0.0;0.0;1.0;1.0;0.0;0.0;0.0;1.0;0.0;0.0;1.0;1.0;1.0;1.0;1.0;1.0;0.0;0.0;0.0;0.0;0.0;1.0;0.0;0.0;0.0;1.0;1.0;0.0;0.0;0.0;0.0;0.0;0.0;0.0;0.0;1.0;0.0;1.0;0.0;0.0;0.0;0.0;0.0;0.0;0.0;0.0;0.0;0.0;0.0;0.0;0.0;0.0;1.0;0.0;6.0;0.0;6.0;6.0;0.0;1.0;1.0;0.0;0.0;1.0;0.0;0.0;1.0;1.0;1.0;1.0;1.0;2.0;0.0;0.0;0.0;0.0;0.0;0.0;0.0;0.0;0.0;0.0;1.0;0.0;1.0;0.0;0.0;0.0;0.0;A cabo;0;0.0;0.0;1.0;3.0;0.0;0.0;0.0;0.0;0.0;0.0;0.0;0.0;0.0;0.0;0.0;0.0;1.0;2.0;0.0;0.0;0.0;0.0;0.0;0.0;0.0;0.0;0.0;0.0;0.0;0.0;0.0;0.0;0.0;0.0;0.0;0.0;1.0;0.0;1.0;0.0;0.0;0.0;0.0;0.0;0.0;1.0;0.0;0.0;0.0;0.0;0.0;0.0;0.0;0.0;0.0;-100;-100.0;-100.0;-100.0;0.0;-100;-100;-100;-100;-100;-100;1.0;0.0;0.0;0.0;0.0;1.0;0.0;0.0;0.0;Sim;0.0;9.0;9.0;9.0;9.0;9.0;9.0;Não oferece;Não oferece;1.0;0.0;0.0;1.0;1.0;0.0;0.0;1.0;1.0;0.0;1.0;1.0;1.0;1.0;0.0;0.0;0.0;0.0;0.0;0.0;1.0;1.0;0.0;57.0;13.0;0.0;13.0;44.0;24.0;8.0;9.0;0.0;7.0;0.0;20.0;5.0;4.0;9.0;2.0;0.0;0.0;0.0;0.0;0.0;0.0;0.0;0.0;0.0;0.0;0.0;0.0;0.0;0.0;0.0;0.0;0.0;0.0;0.0;0.0;0.0;0.0;0.0;0.0;0.0;0.0;0.0;0.0;0.0;0.0;0.0;0.0;2.0;2.0;0.0;25.0;32.0;0.0;21.0;0.0;36.0;0.0;0.0;0.0;13.0;26.0;18.0;0.0;0.0;57.0;0.0;0.0;0.0;0.0;0.0;0.0;0.0;0.0;0.0;0.0;57.0;0.0;48.0;0.0;48.0;11.0;1.0;0.0;1.0;10.0;0.0;10.0;0.0;0.0;0.0;0.0;0.0;0.0;1.0;1.0;0.0;6.0;1.0;0.0;1.0;5.0;0.0;5.0;0.0;0.0;0.0;0.0;0.0;0.0;1.0;1.0;0.0;6.0;0.0;0.0;0.0;0.0;0.0;0.0;0.0;0.0;0.0
2024;NORTE;1;RONDÔNIA;RO;11;ALTA FLORESTA D'OESTE;1100015;JI-PARANÁ;1102;CACOAL;110005;LESTE RONDONIENSE;2;CACOAL;6;ALTA FLORESTA D'OESTE;110001505;EEEMTI JUSCELINO KUBITSCHEK DE OLIVEIRA;11024968;Estadual;-100;Urbana;A escola não está em área de localização diferenciada;AVENIDA AMAPA;4503;;SANTA FELICIDADE;76954000;69.0;36412127.0;Em Atividade;00015;;;1.0;0.0;0.0;0.0;0.0;-100;-100;-100;-100;-100;-100;-100;-100.0;-100.0;-100.0;-100.0;-100.0;-100.0;-100.0;-100.0;-100.0;-100.0;-100.0;-100.0;-100.0;-100.0;-100.0;-100.0;-100.0;-100.0;-100.0;-100;-100;Sim;Estadual;-100;-100;1.0;Próprio;0.0;0.0;0.0;0.0;-100;0.0;0.0;0;1.0;0.0;1.0;0.0;0.0;0.0;0.0;1.0;0.0;0.0;0.0;0.0;1.0;0.0;1.0;0.0;1.0;0.0;0.0;0.0;0.0;1.0;0.0;0.0;0.0;1.0;1.0;0.0;1.0;1.0;0.0;1.0;1.0;1.0;1.0;1.0;1.0;1.0;1.0;0.0;1.0;1.0;0.0;1.0;1.0;0.0;0.0;1.0;1.0;0.0;1.0;0.0;0.0;0.0;0.0;0.0;0.0;1.0;1.0;1.0;1.0;1.0;0.0;0.0;0.0;0.0;1.0;0.0;1.0;1.0;1.0;0.0;1.0;1.0;0.0;0.0;16.0;0.0;16.0;16.0;16.0;0.0;1.0;1.0;1.0;1.0;1.0;0.0;0.0;0.0;0.0;0.0;0.0;0.0;1.0;19.0;1.0;11.0;1.0;25.0;0.0;0.0;0.0;0.0;1.0;1.0;1.0;1.0;0.0;1.0;1.0;A cabo e Wireless;1;1.0;4.0;1.0;5.0;1.0;1.0;0.0;0.0;0.0;0.0;0.0;0.0;0.0;0.0;0.0;0.0;1.0;6.0;1.0;3.0;1.0;1.0;1.0;4.0;0.0;0.0;1.0;1.0;0.0;0.0;0.0;0.0;0.0;0.0;0.0;0.0;1.0;1.0;0.0;1.0;1.0;0.0;1.0;1.0;0.0;1.0;0.0;1.0;0.0;0.0;0.0;0.0;0.0;0.0;0.0;-100;-100.0;-100.0;-100.0;0.0;-100;-100;-100;-100;-100;-100;1.0;1.0;1.0;0.0;0.0;1.0;0.0;1.0;0.0;Sim;1.0;0.0;0.0;0.0;1.0;1.0;0.0;Não oferece;Não oferece;1.0;0.0;0.0;1.0;1.0;0.0;0.0;1.0;0.0;0.0;0.0;1.0;0.0;1.0;1.0;0.0;0.0;0.0;0.0;0.0;1.0;1.0;0.0;367.0;0.0;0.0;0.0;117.0;0.0;0.0;0.0;0.0;0.0;0.0;117.0;22.0;32.0;31.0;32.0;250.0;250.0;103.0;99.0;48.0;0.0;0.0;0.0;0.0;0.0;0.0;0.0;0.0;0.0;0.0;0.0;0.0;0.0;0.0;0.0;0.0;0.0;0.0;0.0;0.0;0.0;0.0;0.0;0.0;0.0;0.0;0.0;5.0;5.0;0.0;193.0;174.0;0.0;171.0;7.0;183.0;1.0;5.0;0.0;0.0;11.0;139.0;203.0;14.0;367.0;0.0;0.0;0.0;0.0;0.0;117.0;0.0;117.0;250.0;307.0;60.0;0.0;39.0;0.0;39.0;21.0;0.0;0.0;0.0;13.0;0.0;13.0;20.0;0.0;0.0;0.0;0.0;0.0;21.0;21.0;0.0;12.0;0.0;0.0;0.0;4.0;0.0;4.0;8.0;0.0;0.0;0.0;0.0;0.0;4.0;4.0;0.0;12.0;0.0;0.0;0.0;0.0;0.0;4.0;0.0;4.0;8.0
2024;NORTE;1;RONDÔNIA;RO;11;ALTA FLORESTA D'OESTE;1100015;JI-PARANÁ;1102;CACOAL;110005;LESTE RONDONIENSE;2;CACOAL;6;ALTA FLORESTA D'OESTE;110001505;EMMEF MALBA TAHAN;11025034;Municipal;-100;Rural;;LINHA 95 COM 140;;;;76954000;69.0;36413630.0;Paralisada;00015;;;;;;;;-100;-100;-100;-100;-100;-100;-100;-100.0;-100.0;-100.0;-100.0;-100.0;-100.0;-100.0;-100.0;-100.0;-100.0;-100.0;-100.0;-100.0;-100.0;-100.0;-100.0;-100.0;-100.0;-100.0;-100;-100;;-100;-100;-100;;-100;;;;;-100;;;-100;;;;;;;;;;;;;;;;;;;;;;;;;;;;;;;;;;;;;;;;;;;;;;;;;;;;;;;;;;;;;;;;;;;;;;;;;;;;;;;;;;;;;;;;;;;;;;;;;;;;;;;;;;;;;;;;;-100;;;;;;;;;;;;;;;;;;;;;;;;;;;;;;;;;;;;;;;;;;;;;;;;;;;;;;;;-100;-100.0;-100.0;-100.0;;-100;-100;-100;-100;-100;-100;;;;;;;;;;;;;;;;;;;;;;;;;;;;;;;;;;;;;;;;;;;;;;;;;;;;;;;;;;;;;;;;;;;;;;;;;;;;;;;;;;;;;;;;;;;;;;;;;;;;;;;;;;;;;;;;;;;;;;;;;;;;;;;;;;;;;;;;;;;;;;;;;;;;;;;;;;;;;;;;;;;;;
2024;NORTE;1;RONDÔNIA;RO;11;ALTA FLORESTA D'OESTE;1100015;JI-PARANÁ;1102;CACOAL;110005;LESTE RONDONIENSE;2;CACOAL;6;ALTA FLORESTA D'OESTE;110001505;EMMEF MARTIM AFONSO DE SOUZA;11025115;Municipal;-100;Rural;A escola não está em área de localização diferenciada;LINHA 50 COM A 134;;;;76954000;69.0;36412215.0;Em Atividade;00015;;;1.0;0.0;0.0;0.0;0.0;-100;-100;-100;-100;-100;-100;-100;-100.0;-100.0;-100.0;-100.0;-100.0;-100.0;-100.0;-100.0;-100.0;-100.0;-100.0;-100.0;-100.0;-100.0;-100.0;-100.0;-100.0;-100.0;-100.0;-100;-100;Sim;Municipal;-100;-100;1.0;Próprio;0.0;0.0;0.0;0.0;-100;0.0;0.0;0;1.0;0.0;1.0;0.0;0.0;0.0;0.0;1.0;0.0;0.0;0.0;0.0;1.0;0.0;1.0;0.0;0.0;1.0;0.0;0.0;0.0;0.0;0.0;0.0;1.0;0.0;0.0;0.0;0.0;1.0;0.0;0.0;0.0;0.0;1.0;1.0;1.0;0.0;0.0;0.0;0.0;0.0;0.0;0.0;0.0;0.0;0.0;1.0;1.0;0.0;0.0;0.0;0.0;0.0;0.0;0.0;0.0;0.0;0.0;1.0;0.0;0.0;0.0;0.0;0.0;0.0;0.0;0.0;0.0;0.0;0.0;0.0;0.0;0.0;1.0;0.0;1.0;0.0;1.0;0.0;0.0;0.0;1.0;0.0;1.0;0.0;0.0;0.0;1.0;1.0;1.0;1.0;1.0;1.0;0.0;0.0;0.0;0.0;0.0;0.0;0.0;0.0;0.0;0.0;0.0;0.0;0.0;0.0;0.0;0.0;0.0;Não há rede local interligando computadores;-100;0.0;0.0;0.0;0.0;0.0;0.0;0.0;0.0;0.0;0.0;0.0;0.0;0.0;0.0;0.0;0.0;0.0;0.0;0.0;0.0;0.0;0.0;0.0;0.0;0.0;0.0;0.0;0.0;0.0;0.0;0.0;0.0;0.0;0.0;0.0;0.0;1.0;0.0;0.0;0.0;0.0;0.0;1.0;0.0;0.0;1.0;0.0;0.0;0.0;0.0;0.0;0.0;0.0;0.0;0.0;-100;-100.0;-100.0;-100.0;0.0;-100;-100;-100;-100;-100;-100;0.0;0.0;0.0;0.0;0.0;1.0;0.0;0.0;0.0;Sim;0.0;9.0;9.0;9.0;9.0;9.0;9.0;Não oferece;Não oferece;1.0;0.0;0.0;1.0;1.0;0.0;0.0;1.0;0.0;0.0;0.0;1.0;1.0;0.0;0.0;0.0;0.0;0.0;0.0;0.0;1.0;1.0;0.0;20.0;0.0;0.0;0.0;20.0;20.0;7.0;2.0;5.0;4.0;2.0;0.0;0.0;0.0;0.0;0.0;0.0;0.0;0.0;0.0;0.0;0.0;0.0;0.0;0.0;0.0;0.0;0.0;0.0;0.0;0.0;0.0;0.0;0.0;0.0;0.0;0.0;0.0;0.0;0.0;0.0;0.0;0.0;0.0;0.0;0.0;0.0;0.0;2.0;2.0;0.0;9.0;11.0;0.0;8.0;0.0;12.0;0.0;0.0;0.0;0.0;20.0;0.0;0.0;0.0;20.0;0.0;0.0;0.0;0.0;0.0;0.0;0.0;0.0;0.0;0.0;20.0;0.0;20.0;0.0;20.0;1.0;0.0;0.0;0.0;1.0;0.0;1.0;0.0;0.0;0.0;0.0;0.0;0.0;1.0;1.0;0.0;1.0;0.0;0.0;0.0;1.0;0.0;1.0;0.0;0.0;0.0;0.0;0.0;0.0;1.0;1.0;0.0;1.0;0.0;0.0;0.0;0.0;0.0;0.0;0.0;0.0;0.0
2024;NORTE;1;RONDÔNIA;RO;11;ALTA FLORESTA D'OESTE;1100015;JI-PARANÁ;1102;CACOAL;110005;LESTE RONDONIENSE;2;CACOAL;6;ALTA FLORESTA D'OESTE;110001505;EMEIEF PEDRO ALEIXO;11025310;Municipal;-100;Rural;A escola não está em área de localização diferenciada;LINHA 148 COM A 65 KM 38;;;;76954000;69.0;992797168.0;Em Atividade;00015;;;1.0;0.0;0.0;0.0;0.0;-100;-100;-100;-100;-100;-100;-100;-100.0;-100.0;-100.0;-100.0;-100.0;-100.0;-100.0;-100.0;-100.0;-100.0;-100.0;-100.0;-100.0;-100.0;-100.0;-100.0;-100.0;-100.0;-100.0;-100;-100;Sim;Municipal;-100;-100;1.0;Próprio;0.0;0.0;0.0;0.0;-100;0.0;0.0;1;1.0;0.0;1.0;0.0;0.0;0.0;0.0;1.0;0.0;0.0;0.0;0.0;1.0;0.0;1.0;0.0;0.0;1.0;0.0;0.0;0.0;0.0;0.0;0.0;1.0;1.0;1.0;0.0;0.0;1.0;0.0;0.0;0.0;1.0;1.0;1.0;1.0;1.0;0.0;0.0;0.0;0.0;0.0;1.0;0.0;0.0;0.0;1.0;1.0;0.0;0.0;0.0;0.0;0.0;0.0;0.0;0.0;1.0;0.0;1.0;0.0;0.0;0.0;0.0;0.0;0.0;0.0;0.0;0.0;0.0;0.0;0.0;0.0;0.0;1.0;0.0;11.0;0.0;11.0;2.0;0.0;1.0;1.0;0.0;1.0;0.0;0.0;0.0;1.0;1.0;1.0;1.0;1.0;2.0;0.0;0.0;0.0;0.0;0.0;0.0;1.0;1.0;0.0;0.0;1.0;0.0;1.0;0.0;0.0;0.0;0.0;A cabo;1;1.0;1.0;1.0;6.0;0.0;0.0;0.0;0.0;0.0;0.0;0.0;0.0;0.0;0.0;0.0;0.0;1.0;4.0;1.0;1.0;0.0;0.0;0.0;0.0;0.0;0.0;0.0;0.0;0.0;0.0;0.0;0.0;0.0;0.0;0.0;0.0;1.0;1.0;1.0;0.0;1.0;0.0;1.0;0.0;0.0;1.0;0.0;1.0;1.0;0.0;0.0;0.0;0.0;0.0;0.0;-100;-100.0;-100.0;-100.0;0.0;-100;-100;-100;-100;-100;-100;1.0;0.0;0.0;0.0;0.0;1.0;0.0;0.0;0.0;Sim;0.0;9.0;9.0;9.0;9.0;9.0;9.0;Não oferece;Não oferece;1.0;0.0;0.0;1.0;1.0;0.0;0.0;1.0;1.0;0.0;1.0;1.0;1.0;1.0;0.0;0.0;0.0;0.0;0.0;0.0;1.0;1.0;0.0;238.0;39.0;0.0;39.0;199.0;95.0;22.0;17.0;22.0;21.0;13.0;104.0;28.0;25.0;27.0;24.0;0.0;0.0;0.0;0.0;0.0;0.0;0.0;0.0;0.0;0.0;0.0;0.0;0.0;0.0;0.0;0.0;0.0;0.0;0.0;0.0;0.0;0.0;0.0;0.0;0.0;0.0;0.0;0.0;0.0;0.0;0.0;0.0;2.0;2.0;0.0;113.0;125.0;1.0;107.0;1.0;129.0;0.0;0.0;0.0;33.0;104.0;97.0;3.0;1.0;238.0;0.0;0.0;0.0;0.0;0.0;0.0;0.0;0.0;0.0;5.0;233.0;0.0;202.0;0.0;202.0;18.0;2.0;0.0;2.0;16.0;5.0;11.0;0.0;0.0;0.0;0.0;0.0;0.0;9.0;9.0;0.0;11.0;2.0;0.0;2.0;9.0;5.0;4.0;0.0;0.0;0.0;0.0;0.0;0.0;2.0;2.0;0.0;11.0;0.0;0.0;0.0;0.0;0.0;0.0;0.0;0.0;0.0
2024;NORTE;1;RONDÔNIA;RO;11;ALTA FLORESTA D'OESTE;1100015;JI-PARANÁ;1102;CACOAL;110005;LESTE RONDONIENSE;2;CACOAL;6;ALTA FLORESTA D'OESTE;110001505;EMEIEF POTY;11025352;Municipal;-100;Rural;A escola não está em área de localização diferenciada;LINHA 60 COM A 156;KM 18;KM 18;ZONA RURAL;76954000;69.0;92491175.0;Em Atividade;00015;;;1.0;0.0;0.0;0.0;0.0;-100;-100;-100;-100;-100;-100;-100;-100.0;-100.0;-100.0;-100.0;-100.0;-100.0;-100.0;-100.0;-100.0;-100.0;-100.0;-100.0;-100.0;-100.0;-100.0;-100.0;-100.0;-100.0;-100.0;-100;-100;Sim;Municipal;-100;-100;1.0;Próprio;0.0;0.0;0.0;0.0;-100;0.0;0.0;0;1.0;0.0;1.0;0.0;0.0;0.0;0.0;1.0;0.0;0.0;0.0;0.0;1.0;0.0;1.0;0.0;0.0;1.0;0.0;0.0;0.0;0.0;0.0;0.0;1.0;0.0;0.0;0.0;0.0;1.0;0.0;0.0;0.0;1.0;0.0;0.0;1.0;1.0;0.0;0.0;0.0;0.0;0.0;1.0;0.0;0.0;0.0;1.0;1.0;0.0;0.0;0.0;0.0;0.0;0.0;0.0;0.0;1.0;0.0;1.0;0.0;0.0;1.0;0.0;0.0;0.0;0.0;0.0;0.0;0.0;0.0;0.0;0.0;0.0;1.0;0.0;9.0;0.0;9.0;3.0;1.0;1.0;1.0;0.0;0.0;1.0;0.0;0.0;0.0;0.0;1.0;2.0;1.0;1.0;0.0;0.0;1.0;1.0;0.0;0.0;1.0;1.0;0.0;0.0;1.0;0.0;1.0;0.0;0.0;0.0;0.0;A cabo;0;0.0;0.0;1.0;5.0;0.0;0.0;0.0;0.0;0.0;0.0;0.0;0.0;0.0;0.0;0.0;0.0;1.0;3.0;1.0;1.0;0.0;0.0;1.0;2.0;0.0;0.0;0.0;0.0;0.0;0.0;0.0;0.0;0.0;0.0;0.0;0.0;1.0;0.0;0.0;0.0;0.0;0.0;1.0;0.0;0.0;1.0;0.0;0.0;0.0;0.0;0.0;0.0;0.0;0.0;0.0;-100;-100.0;-100.0;-100.0;1.0;0;0;0;0;0;1;1.0;0.0;0.0;0.0;0.0;1.0;0.0;0.0;0.0;Sim;0.0;9.0;9.0;9.0;9.0;9.0;9.0;Não exclusivamente;Não oferece;1.0;0.0;0.0;1.0;1.0;0.0;0.0;1.0;1.0;0.0;1.0;1.0;1.0;1.0;0.0;0.0;0.0;0.0;0.0;0.0;1.0;1.0;0.0;150.0;20.0;0.0;20.0;130.0;71.0;16.0;11.0;18.0;15.0;11.0;59.0;8.0;16.0;22.0;13.0;0.0;0.0;0.0;0.0;0.0;0.0;0.0;0.0;0.0;0.0;0.0;0.0;0.0;0.0;0.0;0.0;0.0;0.0;0.0;0.0;0.0;0.0;0.0;0.0;0.0;0.0;0.0;0.0;0.0;0.0;0.0;0.0;6.0;6.0;0.0;70.0;80.0;0.0;55.0;2.0;93.0;0.0;0.0;0.0;16.0;75.0;55.0;4.0;0.0;150.0;0.0;0.0;0.0;0.0;0.0;0.0;0.0;0.0;0.0;2.0;148.0;0.0;141.0;0.0;141.0;18.0;1.0;0.0;1.0;17.0;3.0;14.0;0.0;0.0;0.0;0.0;0.0;0.0;12.0;12.0;0.0;9.0;1.0;0.0;1.0;8.0;3.0;5.0;0.0;0.0;0.0;0.0;0.0;0.0;3.0;3.0;0.0;9.0;0.0;0.0;0.0;0.0;0.0;0.0;0.0;0.0;0.0
2024;NORTE;1;RONDÔNIA;RO;11;ALTA FLORESTA D'OESTE;1100015;JI-PARANÁ;1102;CACOAL;110005;LESTE RONDONIENSE;2;CACOAL;6;ALTA FLORESTA D'OESTE;110001505;EMMEF SAO JORGE;11025476;Municipal;-100;Rural;;LINHA 156 COM A 85 ESQUINA COM A 90 KM 53;;;;76954000;69.0;36413630.0;Paralisada;00015;;;;;;;;-100;-100;-100;-100;-100;-100;-100;-100.0;-100.0;-100.0;-100.0;-100.0;-100.0;-100.0;-100.0;-100.0;-100.0;-100.0;-100.0;-100.0;-100.0;-100.0;-100.0;-100.0;-100.0;-100.0;-100;-100;;-100;-100;-100;;-100;;;;;-100;;;-100;;;;;;;;;;;;;;;;;;;;;;;;;;;;;;;;;;;;;;;;;;;;;;;;;;;;;;;;;;;;;;;;;;;;;;;;;;;;;;;;;;;;;;;;;;;;;;;;;;;;;;;;;;;;;;;;;-100;;;;;;;;;;;;;;;;;;;;;;;;;;;;;;;;;;;;;;;;;;;;;;;;;;;;;;;;-100;-100.0;-100.0;-100.0;;-100;-100;-100;-100;-100;-100;;;;;;;;;;;;;;;;;;;;;;;;;;;;;;;;;;;;;;;;;;;;;;;;;;;;;;;;;;;;;;;;;;;;;;;;;;;;;;;;;;;;;;;;;;;;;;;;;;;;;;;;;;;;;;;;;;;;;;;;;;;;;;;;;;;;;;;;;;;;;;;;;;;;;;;;;;;;;;;;;;;;;
2024;NORTE;1;RONDÔNIA;RO;11;ALTA FLORESTA D'OESTE;1100015;JI-PARANÁ;1102;CACOAL;110005;LESTE RONDONIENSE;2;CACOAL;6;ALTA FLORESTA D'OESTE;110001505;EEEF TANCREDO DE ALMEIDA NEVES;11025620;Estadual;-100;Urbana;A escola não está em área de localização diferenciada;AVENIDA ALTA FLORESTA;2973;;PRINCESA IZABEL;76954000;69.0;999693360.0;Em Atividade;00015;;;1.0;0.0;0.0;0.0;0.0;-100;-100;-100;-100;-100;-100;-100;-100.0;-100.0;-100.0;-100.0;-100.0;-100.0;-100.0;-100.0;-100.0;-100.0;-100.0;-100.0;-100.0;-100.0;-100.0;-100.0;-100.0;-100.0;-100.0;-100;-100;Sim;Estadual;-100;-100;1.0;Próprio;0.0;1.0;1.0;0.0;-100;0.0;0.0;0;1.0;0.0;1.0;0.0;0.0;0.0;0.0;1.0;0.0;0.0;0.0;0.0;0.0;1.0;1.0;0.0;1.0;0.0;0.0;0.0;0.0;0.0;0.0;0.0;1.0;1.0;1.0;0.0;0.0;1.0;0.0;1.0;1.0;1.0;1.0;1.0;1.0;1.0;0.0;0.0;0.0;1.0;0.0;1.0;0.0;0.0;0.0;1.0;1.0;0.0;1.0;0.0;0.0;0.0;0.0;0.0;0.0;1.0;1.0;1.0;0.0;1.0;1.0;1.0;0.0;0.0;1.0;0.0;1.0;0.0;1.0;0.0;1.0;0.0;0.0;0.0;8.0;1.0;9.0;8.0;8.0;0.0;1.0;0.0;1.0;1.0;1.0;0.0;0.0;0.0;0.0;0.0;1.0;1.0;0.0;0.0;1.0;4.0;1.0;25.0;1.0;4.0;0.0;0.0;1.0;1.0;1.0;1.0;0.0;1.0;1.0;A cabo e Wireless;0;1.0;3.0;1.0;11.0;1.0;2.0;0.0;0.0;0.0;0.0;0.0;0.0;0.0;0.0;0.0;0.0;1.0;6.0;1.0;4.0;1.0;1.0;0.0;0.0;1.0;1.0;1.0;2.0;0.0;0.0;0.0;0.0;0.0;0.0;0.0;0.0;1.0;1.0;0.0;1.0;1.0;1.0;1.0;1.0;0.0;1.0;0.0;1.0;0.0;1.0;0.0;0.0;1.0;0.0;0.0;-100;-100.0;-100.0;-100.0;0.0;-100;-100;-100;-100;-100;-100;1.0;0.0;0.0;0.0;0.0;1.0;1.0;0.0;0.0;Sim;1.0;1.0;0.0;0.0;1.0;1.0;0.0;Não exclusivamente;Não oferece;1.0;0.0;0.0;1.0;1.0;1.0;0.0;1.0;0.0;0.0;0.0;1.0;0.0;1.0;0.0;0.0;0.0;1.0;1.0;1.0;1.0;1.0;0.0;229.0;0.0;0.0;0.0;158.0;0.0;0.0;0.0;0.0;0.0;0.0;158.0;34.0;40.0;40.0;44.0;0.0;0.0;0.0;0.0;0.0;0.0;0.0;0.0;0.0;0.0;0.0;0.0;0.0;0.0;0.0;0.0;0.0;0.0;0.0;0.0;0.0;0.0;0.0;71.0;31.0;11.0;20.0;0.0;40.0;40.0;0.0;0.0;11.0;11.0;0.0;102.0;127.0;0.0;47.0;4.0;173.0;1.0;4.0;0.0;0.0;7.0;132.0;24.0;66.0;162.0;67.0;0.0;0.0;0.0;0.0;0.0;0.0;0.0;0.0;211.0;18.0;0.0;16.0;0.0;16.0;18.0;0.0;0.0;0.0;11.0;0.0;11.0;0.0;0.0;0.0;17.0;11.0;14.0;14.0;14.0;0.0;17.0;0.0;0.0;0.0;8.0;0.0;8.0;0.0;0.0;0.0;9.0;6.0;3.0;8.0;8.0;0.0;9.0;8.0;0.0;0.0;0.0;0.0;0.0;0.0;0.0;0.0
2024;NORTE;1;RONDÔNIA;RO;11;ALTA FLORESTA D'OESTE;1100015;JI-PARANÁ;1102;CACOAL;110005;LESTE RONDONIENSE;2;CACOAL;6;ALTA FLORESTA D'OESTE;110001505;COLEGIO TIRADENTES DA POLICIA MILITAR - CTPM XI;11025638;Estadual;-100;Urbana;A escola não está em área de localização diferenciada;RUA NEREU RAMOS;4581;;REDONDO;76954000;69.0;36413924.0;Em Atividade;00015;;;1.0;1.0;0.0;0.0;0.0;-100;-100;-100;-100;-100;-100;-100;-100.0;-100.0;-100.0;-100.0;-100.0;-100.0;-100.0;-100.0;-100.0;-100.0;-100.0;-100.0;-100.0;-100.0;-100.0;-100.0;-100.0;-100.0;-100.0;-100;-100;Em tramitação;Estadual;-100;-100;1.0;Próprio;0.0;0.0;0.0;0.0;-100;0.0;0.0;0;1.0;0.0;1.0;0.0;0.0;0.0;0.0;1.0;0.0;0.0;0.0;0.0;1.0;0.0;1.0;0.0;1.0;0.0;0.0;0.0;0.0;0.0;0.0;0.0;1.0;1.0;1.0;1.0;1.0;1.0;0.0;1.0;1.0;1.0;1.0;1.0;1.0;1.0;0.0;0.0;1.0;1.0;0.0;1.0;1.0;0.0;0.0;1.0;1.0;0.0;1.0;1.0;1.0;1.0;1.0;0.0;0.0;1.0;1.0;1.0;0.0;1.0;1.0;0.0;0.0;0.0;1.0;0.0;1.0;1.0;1.0;0.0;0.0;1.0;0.0;0.0;16.0;0.0;16.0;16.0;16.0;0.0;1.0;0.0;1.0;1.0;1.0;0.0;0.0;0.0;1.0;3.0;1.0;3.0;0.0;0.0;1.0;16.0;1.0;26.0;0.0;0.0;1.0;2.0;1.0;1.0;1.0;1.0;0.0;1.0;1.0;A cabo e Wireless;1;1.0;5.0;1.0;7.0;1.0;1.0;0.0;0.0;1.0;4.0;0.0;0.0;0.0;0.0;0.0;0.0;1.0;6.0;1.0;4.0;1.0;1.0;1.0;4.0;0.0;0.0;1.0;2.0;0.0;0.0;0.0;0.0;1.0;1.0;0.0;0.0;1.0;1.0;0.0;1.0;1.0;1.0;1.0;1.0;0.0;1.0;0.0;1.0;0.0;0.0;0.0;0.0;1.0;0.0;0.0;-100;-100.0;-100.0;-100.0;0.0;-100;-100;-100;-100;-100;-100;1.0;1.0;1.0;0.0;0.0;1.0;0.0;0.0;0.0;Sim;1.0;1.0;0.0;0.0;1.0;1.0;0.0;Não exclusivamente;Não oferece;1.0;0.0;0.0;1.0;1.0;0.0;0.0;1.0;0.0;0.0;0.0;1.0;0.0;1.0;1.0;0.0;0.0;0.0;0.0;0.0;1.0;1.0;0.0;740.0;0.0;0.0;0.0;418.0;0.0;0.0;0.0;0.0;0.0;0.0;418.0;95.0;111.0;108.0;104.0;322.0;322.0;124.0;134.0;64.0;0.0;0.0;0.0;0.0;0.0;0.0;0.0;0.0;0.0;0.0;0.0;0.0;0.0;0.0;0.0;0.0;0.0;0.0;0.0;0.0;0.0;0.0;0.0;0.0;0.0;0.0;0.0;27.0;27.0;0.0;380.0;360.0;0.0;248.0;21.0;461.0;1.0;9.0;0.0;0.0;50.0;392.0;278.0;20.0;740.0;0.0;0.0;0.0;0.0;0.0;0.0;0.0;0.0;2.0;516.0;224.0;0.0;216.0;0.0;216.0;29.0;0.0;0.0;0.0;23.0;0.0;23.0;22.0;0.0;0.0;0.0;0.0;0.0;29.0;29.0;0.0;28.0;0.0;0.0;0.0;16.0;0.0;16.0;12.0;0.0;0.0;0.0;0.0;0.0;19.0;19.0;0.0;28.0;0.0;0.0;0.0;0.0;0.0;0.0;0.0;0.0;0.0
2024;NORTE;1;RONDÔNIA;RO;11;ALTA FLORESTA D'OESTE;1100015;JI-PARANÁ;1102;CACOAL;110005;LESTE RONDONIENSE;2;CACOAL;6;ALTA FLORESTA D'OESTE;110001505;EMEIEF FLORESTA ENCANTADA;11025654;Municipal;-100;Urbana;A escola não está em área de localização diferenciada;AV. BAHIA;4598;;CIDADE ALTA;76954000;69.0;36413263.0;Em Atividade;00015;;;1.0;0.0;0.0;0.0;0.0;-100;-100;-100;-100;-100;-100;-100;-100.0;-100.0;-100.0;-100.0;-100.0;-100.0;-100.0;-100.0;-100.0;-100.0;-100.0;-100.0;-100.0;-100.0;-100.0;-100.0;-100.0;-100.0;-100.0;-100;-100;Sim;Municipal;-100;-100;1.0;Próprio;0.0;0.0;0.0;0.0;-100;0.0;0.0;0;1.0;1.0;0.0;0.0;0.0;0.0;0.0;1.0;0.0;0.0;0.0;0.0;1.0;0.0;1.0;0.0;1.0;0.0;0.0;0.0;0.0;0.0;0.0;0.0;1.0;1.0;0.0;0.0;1.0;1.0;1.0;0.0;1.0;1.0;0.0;0.0;1.0;1.0;0.0;0.0;0.0;0.0;0.0;1.0;0.0;1.0;0.0;0.0;0.0;0.0;1.0;0.0;0.0;0.0;0.0;0.0;0.0;0.0;0.0;1.0;0.0;1.0;1.0;0.0;0.0;0.0;0.0;0.0;1.0;0.0;1.0;0.0;0.0;0.0;0.0;0.0;10.0;0.0;10.0;10.0;0.0;0.0;1.0;1.0;1.0;1.0;1.0;0.0;0.0;0.0;1.0;2.0;1.0;1.0;0.0;0.0;1.0;1.0;0.0;0.0;0.0;0.0;0.0;0.0;1.0;1.0;1.0;1.0;0.0;0.0;1.0;A cabo e Wireless;1;0.0;0.0;1.0;8.0;0.0;0.0;0.0;0.0;1.0;2.0;0.0;0.0;0.0;0.0;0.0;0.0;1.0;4.0;1.0;4.0;1.0;1.0;0.0;0.0;0.0;0.0;0.0;0.0;0.0;0.0;0.0;0.0;0.0;0.0;0.0;0.0;1.0;0.0;1.0;0.0;1.0;0.0;1.0;0.0;0.0;1.0;0.0;0.0;0.0;0.0;0.0;0.0;0.0;0.0;0.0;-100;-100.0;-100.0;-100.0;0.0;-100;-100;-100;-100;-100;-100;1.0;1.0;1.0;0.0;0.0;1.0;0.0;0.0;0.0;Sim;0.0;9.0;9.0;9.0;9.0;9.0;9.0;Não exclusivamente;Não oferece;1.0;0.0;0.0;1.0;1.0;0.0;0.0;1.0;1.0;0.0;1.0;1.0;1.0;0.0;0.0;0.0;0.0;0.0;0.0;0.0;1.0;1.0;0.0;451.0;96.0;0.0;96.0;355.0;355.0;101.0;73.0;53.0;84.0;44.0;0.0;0.0;0.0;0.0;0.0;0.0;0.0;0.0;0.0;0.0;0.0;0.0;0.0;0.0;0.0;0.0;0.0;0.0;0.0;0.0;0.0;0.0;0.0;0.0;0.0;0.0;0.0;0.0;0.0;0.0;0.0;0.0;0.0;0.0;0.0;0.0;0.0;34.0;34.0;0.0;217.0;234.0;0.0;184.0;4.0;252.0;1.0;10.0;0.0;86.0;353.0;12.0;0.0;0.0;451.0;0.0;0.0;0.0;0.0;0.0;0.0;0.0;0.0;0.0;221.0;230.0;0.0;137.0;0.0;137.0;19.0;4.0;0.0;4.0;15.0;15.0;0.0;0.0;0.0;0.0;0.0;0.0;0.0;18.0;18.0;0.0;19.0;4.0;0.0;4.0;15.0;15.0;0.0;0.0;0.0;0.0;0.0;0.0;0.0;18.0;18.0;0.0;19.0;0.0;0.0;0.0;0.0;0.0;0.0;0.0;0.0;0.0
2024;NORTE;1;RONDÔNIA;RO;11;ALTA FLORESTA D'OESTE;1100015;JI-PARANÁ;1102;CACOAL;110005;LESTE RONDONIENSE;2;CACOAL;6;ALTA FLORESTA D'OESTE;110001505;EIEEFM KON KOATT TUPARI;11037962;Estadual;-100;Rural;Terra indígena;TERRA INDIGENA RIO BRANCO;S/N;ALDEIA CAJUI;RURAL;76954000;69.0;993784647.0;Em Atividade;00015;;;1.0;0.0;0.0;0.0;0.0;-100;-100;-100;-100;-100;-100;-100;-100.0;-100.0;-100.0;-100.0;-100.0;-100.0;-100.0;-100.0;-100.0;-100.0;-100.0;-100.0;-100.0;-100.0;-100.0;-100.0;-100.0;-100.0;-100.0;-100;-100;Sim;Estadual;-100;-100;1.0;Próprio;0.0;0.0;0.0;0.0;-100;0.0;0.0;0;1.0;0.0;0.0;1.0;0.0;0.0;0.0;0.0;0.0;1.0;0.0;0.0;0.0;1.0;1.0;0.0;0.0;1.0;1.0;0.0;0.0;0.0;0.0;0.0;1.0;0.0;1.0;0.0;0.0;1.0;0.0;0.0;0.0;0.0;0.0;0.0;1.0;1.0;0.0;0.0;0.0;0.0;0.0;1.0;0.0;0.0;0.0;0.0;0.0;0.0;1.0;0.0;0.0;0.0;0.0;0.0;0.0;0.0;0.0;0.0;0.0;0.0;0.0;0.0;0.0;0.0;0.0;0.0;0.0;0.0;0.0;0.0;0.0;0.0;1.0;0.0;4.0;0.0;4.0;0.0;0.0;0.0;0.0;0.0;0.0;0.0;0.0;1.0;0.0;0.0;0.0;0.0;0.0;0.0;0.0;0.0;0.0;0.0;0.0;0.0;0.0;0.0;0.0;0.0;1.0;0.0;0.0;1.0;0.0;0.0;0.0;Não informado;0;0.0;0.0;0.0;0.0;0.0;0.0;0.0;0.0;0.0;0.0;0.0;0.0;0.0;0.0;0.0;0.0;0.0;0.0;0.0;0.0;0.0;0.0;0.0;0.0;0.0;0.0;0.0;0.0;0.0;0.0;0.0;0.0;0.0;0.0;0.0;0.0;1.0;0.0;0.0;0.0;0.0;0.0;1.0;0.0;0.0;1.0;1.0;0.0;0.0;0.0;0.0;0.0;0.0;0.0;1.0;Em Língua Indígena e em Língua Portuguesa;171.0;;;0.0;-100;-100;-100;-100;-100;-100;0.0;1.0;1.0;0.0;0.0;1.0;0.0;0.0;0.0;Sim;1.0;1.0;0.0;0.0;0.0;0.0;0.0;Não oferece;Não oferece;1.0;0.0;0.0;1.0;1.0;0.0;0.0;1.0;0.0;0.0;0.0;1.0;1.0;1.0;1.0;0.0;0.0;0.0;0.0;0.0;0.0;0.0;0.0;68.0;0.0;0.0;0.0;44.0;17.0;4.0;1.0;5.0;6.0;1.0;27.0;5.0;5.0;6.0;11.0;24.0;24.0;7.0;17.0;0.0;0.0;0.0;0.0;0.0;0.0;0.0;0.0;0.0;0.0;0.0;0.0;0.0;0.0;0.0;0.0;0.0;0.0;0.0;0.0;0.0;0.0;0.0;0.0;0.0;0.0;0.0;0.0;0.0;0.0;0.0;33.0;35.0;0.0;0.0;0.0;0.0;0.0;68.0;0.0;0.0;13.0;17.0;21.0;17.0;68.0;0.0;0.0;0.0;0.0;0.0;0.0;0.0;0.0;0.0;2.0;66.0;0.0;48.0;48.0;0.0;31.0;0.0;0.0;0.0;9.0;3.0;7.0;22.0;0.0;0.0;0.0;0.0;0.0;0.0;0.0;0.0;11.0;0.0;0.0;0.0;9.0;5.0;4.0;2.0;0.0;0.0;0.0;0.0;0.0;0.0;0.0;0.0;11.0;0.0;0.0;0.0;0.0;0.0;0.0;0.0;0.0;0.0
2024;NORTE;1;RONDÔNIA;RO;11;ALTA FLORESTA D'OESTE;1100015;JI-PARANÁ;1102;CACOAL;110005;LESTE RONDONIENSE;2;CACOAL;6;ALTA FLORESTA D'OESTE;110001505;EIEEF SAW D JO TUPARI;11038047;Estadual;-100;Rural;Terra indígena;RESERVA BIOLOGICA VALE DO GUAPORE;S/N;ALDEIA PALHAL;RURAL;76954000;69.0;993784647.0;Em Atividade;00015;;;1.0;0.0;0.0;0.0;0.0;-100;-100;-100;-100;-100;-100;-100;-100.0;-100.0;-100.0;-100.0;-100.0;-100.0;-100.0;-100.0;-100.0;-100.0;-100.0;-100.0;-100.0;-100.0;-100.0;-100.0;-100.0;-100.0;-100.0;-100;-100;Sim;Estadual;-100;-100;1.0;Próprio;0.0;0.0;0.0;0.0;-100;0.0;0.0;0;1.0;0.0;1.0;0.0;0.0;0.0;0.0;0.0;0.0;1.0;0.0;0.0;0.0;1.0;1.0;0.0;0.0;1.0;1.0;0.0;0.0;0.0;0.0;0.0;1.0;0.0;0.0;0.0;0.0;0.0;0.0;0.0;0.0;0.0;0.0;0.0;0.0;0.0;0.0;0.0;0.0;0.0;0.0;0.0;0.0;0.0;0.0;0.0;0.0;0.0;0.0;0.0;0.0;0.0;0.0;0.0;0.0;0.0;0.0;0.0;0.0;0.0;0.0;0.0;0.0;1.0;0.0;0.0;0.0;0.0;0.0;0.0;0.0;0.0;1.0;0.0;1.0;0.0;1.0;0.0;0.0;0.0;0.0;0.0;0.0;0.0;0.0;1.0;0.0;0.0;0.0;0.0;0.0;0.0;0.0;0.0;0.0;0.0;0.0;0.0;0.0;0.0;0.0;0.0;0.0;0.0;0.0;0.0;0.0;0.0;0.0;Não informado;-100;0.0;0.0;0.0;0.0;0.0;0.0;0.0;0.0;0.0;0.0;0.0;0.0;0.0;0.0;0.0;0.0;0.0;0.0;0.0;0.0;0.0;0.0;0.0;0.0;0.0;0.0;0.0;0.0;0.0;0.0;0.0;0.0;0.0;0.0;0.0;0.0;1.0;0.0;0.0;0.0;0.0;0.0;1.0;0.0;0.0;1.0;1.0;0.0;0.0;0.0;0.0;0.0;0.0;0.0;1.0;Em Língua Indígena e em Língua Portuguesa;171.0;;;0.0;-100;-100;-100;-100;-100;-100;0.0;1.0;1.0;0.0;0.0;1.0;0.0;0.0;0.0;Sim;1.0;1.0;0.0;0.0;0.0;0.0;0.0;Não oferece;Não oferece;1.0;0.0;0.0;1.0;1.0;0.0;0.0;1.0;0.0;0.0;0.0;1.0;1.0;0.0;0.0;0.0;0.0;0.0;0.0;0.0;0.0;0.0;0.0;5.0;0.0;0.0;0.0;5.0;5.0;1.0;0.0;0.0;4.0;0.0;0.0;0.0;0.0;0.0;0.0;0.0;0.0;0.0;0.0;0.0;0.0;0.0;0.0;0.0;0.0;0.0;0.0;0.0;0.0;0.0;0.0;0.0;0.0;0.0;0.0;0.0;0.0;0.0;0.0;0.0;0.0;0.0;0.0;0.0;0.0;0.0;0.0;0.0;0.0;0.0;4.0;1.0;0.0;0.0;0.0;0.0;0.0;5.0;0.0;0.0;4.0;1.0;0.0;0.0;5.0;0.0;0.0;0.0;0.0;0.0;0.0;0.0;0.0;0.0;0.0;5.0;0.0;0.0;0.0;0.0;1.0;0.0;0.0;0.0;1.0;1.0;0.0;0.0;0.0;0.0;0.0;0.0;0.0;0.0;0.0;0.0;2.0;0.0;0.0;0.0;2.0;2.0;0.0;0.0;0.0;0.0;0.0;0.0;0.0;0.0;0.0;0.0;2.0;0.0;0.0;0.0;0.0;0.0;0.0;0.0;0.0;0.0